{"_timestamp":1.7434905483709955e+09,"train/epoch":1,"train_loss":5.1337890625,"_runtime":448.445978585,"train_runtime":448.426,"_step":1,"train/grad_norm":3136,"_wandb":{"runtime":477},"total_flos":6.44913538891776e+14,"train_steps_per_second":0.002,"train/loss":5.1338,"train_samples_per_second":0.031,"train/learning_rate":2e-06,"train/global_step":1}